{"cameraMode":{"drawMode":0,"name":"Shaded","section":"Shading Mode"},"sceneLighting":false,"audioPlay":false,"sceneViewState":{"m_AlwaysRefresh":false,"showFog":true,"showSkybox":false,"showFlares":true,"showImageEffects":true,"showParticleSystems":true,"showVisualEffectGraphs":true,"m_FxEnabled":true},"in2DMode":false,"pivot":{"x":-0.7404191493988037,"y":-0.010028362274169922,"z":0.08426403999328613},"rotation":{"x":-0.25867408514022829,"y":0.3980053663253784,"z":-0.11803663522005081,"w":-0.8722051978111267},"size":2.2069039344787599,"orthographic":false}